date,open,high,low,close,volume,source
2024-09-11,69.68000030517578,71.08000183105469,69.01000213623047,70.61000061035156,42995,yahoo_chart
2024-09-12,70.72000122070312,72.86000061035156,70.58999633789062,71.97000122070312,42690,yahoo_chart
2024-09-13,72.37000274658203,73.2300033569336,71.4800033569336,71.61000061035156,34281,yahoo_chart
2024-09-16,72.0199966430664,73.37999725341797,71.5199966430664,72.75,36417,yahoo_chart
2024-09-17,73.01000213623047,74.2699966430664,72.16999816894531,73.69999694824219,38565,yahoo_chart
2024-09-18,73.68000030517578,74.08999633789062,72.30999755859375,73.6500015258789,35693,yahoo_chart
2024-09-19,72.9000015258789,75.19000244140625,72.87999725341797,74.87999725341797,36126,yahoo_chart
2024-09-20,74.87999725341797,75.01000213623047,74.0,74.48999786376953,27358,yahoo_chart
2024-09-23,74.76000213623047,75.16000366210938,73.11000061035156,73.9000015258789,29116,yahoo_chart
2024-09-24,74.27999877929688,75.87000274658203,73.97000122070312,75.16999816894531,31341,yahoo_chart
2024-09-25,75.12999725341797,75.31999969482422,73.04000091552734,73.45999908447266,31571,yahoo_chart
2024-09-26,73.47000122070312,73.7699966430664,70.7699966430664,71.5999984741211,18234,yahoo_chart
2024-09-27,71.23999786376953,72.36000061035156,70.93000030517578,71.9800033569336,7872,yahoo_chart
2024-09-30,71.83999633789062,73.0999984741211,71.38999938964844,71.7699966430664,41928,yahoo_chart
2024-10-01,72.0,75.44999694824219,69.91000366210938,73.55999755859375,90111,yahoo_chart
2024-10-02,74.4000015258789,76.12999725341797,73.58999633789062,73.9000015258789,53911,yahoo_chart
2024-10-03,74.7300033569336,77.97000122070312,74.30999755859375,77.62000274658203,68997,yahoo_chart
2024-10-04,77.98999786376953,79.30000305175781,77.38999938964844,78.05000305175781,57481,yahoo_chart
2024-10-07,78.01000213623047,81.16000366210938,77.26000213623047,80.93000030517578,55050,yahoo_chart
2024-10-08,81.16000366210938,82.08000183105469,76.37000274658203,77.18000030517578,66184,yahoo_chart
2024-10-09,77.5199966430664,78.0199966430664,75.1500015258789,76.58000183105469,46931,yahoo_chart
2024-10-10,76.75,79.72000122070312,76.73999786376953,79.4000015258789,43562,yahoo_chart
2024-10-11,79.2300033569336,79.48999786376953,78.05000305175781,79.04000091552734,44341,yahoo_chart
2024-10-14,78.5999984741211,78.5999984741211,75.38999938964844,77.45999908447266,35593,yahoo_chart
2024-10-15,75.20999908447266,75.62999725341797,73.33000183105469,74.25,47877,yahoo_chart
2024-10-16,74.72000122070312,74.91999816894531,73.41999816894531,74.22000122070312,40980,yahoo_chart
2024-10-17,74.5,74.91000366210938,73.25,74.44999694824219,36901,yahoo_chart
2024-10-18,74.5199966430664,74.94000244140625,72.48999786376953,73.05999755859375,34009,yahoo_chart
2024-10-21,73.13999938964844,74.55999755859375,72.80000305175781,74.29000091552734,29891,yahoo_chart
2024-10-22,74.13999938964844,76.31999969482422,73.56999969482422,76.04000091552734,36505,yahoo_chart
2024-10-23,75.6500015258789,76.01000213623047,74.44000244140625,74.95999908447266,28090,yahoo_chart
2024-10-24,75.20999908447266,76.52999877929688,74.0,74.37999725341797,23845,yahoo_chart
2024-10-25,74.55000305175781,76.13999938964844,74.16999816894531,76.05000305175781,20056,yahoo_chart
2024-10-28,74.0,74.0,71.16999816894531,71.41999816894531,28003,yahoo_chart
2024-10-29,72.11000061035156,72.56999969482422,70.7300033569336,71.12000274658203,16776,yahoo_chart
2024-10-30,71.31999969482422,73.08000183105469,71.16000366210938,72.55000305175781,11034,yahoo_chart
2024-10-31,72.76000213623047,73.36000061035156,72.37000274658203,73.16000366210938,36772,yahoo_chart
2024-11-01,74.12999725341797,74.94999694824219,72.88999938964844,73.0999984741211,32059,yahoo_chart
2024-11-04,73.7300033569336,75.38999938964844,73.7300033569336,75.08000183105469,31292,yahoo_chart
2024-11-05,75.19999694824219,76.2300033569336,74.91999816894531,75.52999877929688,40233,yahoo_chart
2024-11-06,75.48999786376953,76.01000213623047,73.3499984741211,74.91999816894531,57996,yahoo_chart
2024-11-07,75.11000061035156,76.06999969482422,74.05000305175781,75.62999725341797,41262,yahoo_chart
2024-11-08,75.5199966430664,75.62000274658203,73.44000244140625,73.87000274658203,35855,yahoo_chart
2024-11-11,73.73999786376953,74.12999725341797,71.58999633789062,71.83000183105469,33838,yahoo_chart
2024-11-12,71.91999816894531,72.81999969482422,71.55999755859375,71.88999938964844,38295,yahoo_chart
2024-11-13,71.77999877929688,72.62000274658203,70.75,72.27999877929688,43666,yahoo_chart
2024-11-14,71.98999786376953,73.22000122070312,71.80000305175781,72.55999755859375,32367,yahoo_chart
2024-11-15,72.43000030517578,72.47000122070312,70.83999633789062,71.04000091552734,30126,yahoo_chart
2024-11-18,70.87999725341797,73.45999908447266,70.69999694824219,73.30000305175781,30425,yahoo_chart
2024-11-19,73.18000030517578,73.87000274658203,72.61000061035156,73.30999755859375,32668,yahoo_chart
2024-11-20,73.33999633789062,73.94000244140625,72.69999694824219,72.80999755859375,26041,yahoo_chart
2024-11-21,73.12000274658203,74.37000274658203,72.91000366210938,74.2300033569336,35756,yahoo_chart
2024-11-22,74.29000091552734,75.41999816894531,73.51000213623047,75.16999816894531,29569,yahoo_chart
2024-11-25,75.20999908447266,75.30999755859375,72.8499984741211,73.01000213623047,29335,yahoo_chart
2024-11-26,73.12000274658203,74.33000183105469,72.12000274658203,72.80999755859375,17616,yahoo_chart
2024-11-27,72.94000244140625,73.3499984741211,72.2699966430664,72.83000183105469,10246,yahoo_chart
2024-11-29,72.91999816894531,73.5,72.12000274658203,72.94000244140625,45282,yahoo_chart
2024-12-02,71.73999786376953,72.87999725341797,71.5199966430664,71.83000183105469,31283,yahoo_chart
2024-12-03,71.86000061035156,73.9000015258789,71.69000244140625,73.62000274658203,40365,yahoo_chart
2024-12-04,73.80999755859375,74.26000213623047,72.25,72.30999755859375,36988,yahoo_chart
2024-12-05,72.44999694824219,72.9000015258789,71.80000305175781,72.08999633789062,32373,yahoo_chart
2024-12-06,72.16999816894531,72.2300033569336,70.83000183105469,71.12000274658203,27572,yahoo_chart
2024-12-09,71.04000091552734,72.6500015258789,70.95999908447266,72.13999938964844,25921,yahoo_chart
2024-12-10,71.93000030517578,72.72000122070312,71.52999877929688,72.19000244140625,32220,yahoo_chart
2024-12-11,72.02999877929688,73.73999786376953,72.0199966430664,73.5199966430664,35954,yahoo_chart
2024-12-12,73.58999633789062,73.9800033569336,72.43000030517578,73.41000366210938,36231,yahoo_chart
2024-12-13,73.43000030517578,74.58999633789062,73.2699966430664,74.48999786376953,26225,yahoo_chart
2024-12-16,74.51000213623047,74.54000091552734,73.69999694824219,73.91000366210938,25458,yahoo_chart
2024-12-17,73.86000061035156,74.18000030517578,72.45999908447266,73.19000244140625,26356,yahoo_chart
2024-12-18,73.33999633789062,74.19000244140625,72.80000305175781,73.38999938964844,25873,yahoo_chart
2024-12-19,72.93000030517578,73.87000274658203,72.52999877929688,72.87999725341797,27742,yahoo_chart
2024-12-20,72.70999908447266,73.27999877929688,71.97000122070312,72.94000244140625,25362,yahoo_chart
2024-12-23,72.83000183105469,73.37000274658203,71.9800033569336,72.62999725341797,20997,yahoo_chart
2024-12-24,72.83999633789062,73.80999755859375,72.77999877929688,73.58000183105469,8922,yahoo_chart
2024-12-26,73.77999877929688,74.18000030517578,72.9800033569336,73.26000213623047,5773,yahoo_chart
2024-12-27,73.13999938964844,74.33999633789062,73.06999969482422,74.16999816894531,5515,yahoo_chart
2024-12-30,74.2300033569336,75.04000091552734,73.76000213623047,74.38999938964844,30436,yahoo_chart
2024-12-31,74.0999984741211,74.87999725341797,73.83999633789062,74.63999938964844,20588,yahoo_chart
2025-01-02,74.87999725341797,76.54000091552734,74.7300033569336,75.93000030517578,41474,yahoo_chart
2025-01-03,75.9000015258789,76.73999786376953,75.52999877929688,76.51000213623047,38822,yahoo_chart
2025-01-06,76.58999633789062,77.5,75.94000244140625,76.30000305175781,49229,yahoo_chart
2025-01-07,76.23999786376953,77.2699966430664,75.91999816894531,77.05000305175781,37188,yahoo_chart
2025-01-08,77.23999786376953,77.88999938964844,76.02999877929688,76.16000366210938,46650,yahoo_chart
2025-01-09,76.16000366210938,77.2699966430664,75.69999694824219,76.91999816894531,31706,yahoo_chart
2025-01-10,77.20999908447266,80.76000213623047,77.04000091552734,79.76000213623047,92049,yahoo_chart
2025-01-13,79.55000305175781,81.66999816894531,79.54000091552734,81.01000213623047,77109,yahoo_chart
2025-01-14,80.91000366210938,81.13999938964844,79.86000061035156,79.91999816894531,67129,yahoo_chart
2025-01-15,80.31999969482422,82.62999725341797,79.62999725341797,82.02999877929688,69122,yahoo_chart
2025-01-16,82.44000244140625,82.55000305175781,80.38999938964844,81.29000091552734,69075,yahoo_chart
2025-01-17,81.30999755859375,81.93000030517578,80.55999755859375,80.79000091552734,42284,yahoo_chart
2025-01-21,80.94000244140625,81.23999786376953,78.47000122070312,79.29000091552734,83935,yahoo_chart
2025-01-22,79.30999755859375,79.9000015258789,78.80999755859375,79.0,40868,yahoo_chart
2025-01-23,78.91000366210938,79.58999633789062,77.80000305175781,78.29000091552734,46348,yahoo_chart
2025-01-24,77.87999725341797,78.95999908447266,77.61000061035156,78.5,30464,yahoo_chart
2025-01-27,78.55000305175781,78.98999786376953,76.31999969482422,77.08000183105469,40623,yahoo_chart
2025-01-28,77.06999969482422,78.13999938964844,76.83000183105469,77.48999786376953,29822,yahoo_chart
2025-01-29,77.62999725341797,77.69999694824219,76.30000305175781,76.58000183105469,19845,yahoo_chart
2025-01-30,76.86000061035156,77.55000305175781,75.98999786376953,76.87000274658203,8389,yahoo_chart
2025-01-31,77.0,77.08000183105469,76.51000213623047,76.76000213623047,50618,yahoo_chart
2025-02-03,76.81999969482422,77.52999877929688,75.04000091552734,75.95999908447266,75087,yahoo_chart
2025-02-04,75.5199966430664,76.66999816894531,74.12999725341797,76.19999694824219,62716,yahoo_chart
2025-02-05,76.08000183105469,76.3499984741211,74.55000305175781,74.61000061035156,30739,yahoo_chart
2025-02-06,74.5999984741211,75.38999938964844,74.08999633789062,74.29000091552734,41460,yahoo_chart
2025-02-07,74.19999694824219,75.08999633789062,74.19000244140625,74.66000366210938,35634,yahoo_chart
2025-02-10,74.54000091552734,76.06999969482422,74.54000091552734,75.87000274658203,27341,yahoo_chart
2025-02-11,76.05000305175781,77.2699966430664,75.88999938964844,77.0,37979,yahoo_chart
2025-02-12,76.81999969482422,76.88999938964844,74.94999694824219,75.18000030517578,47048,yahoo_chart
2025-02-13,74.97000122070312,75.33000183105469,74.05000305175781,75.0199966430664,37759,yahoo_chart
2025-02-14,75.23999786376953,75.83000183105469,74.48999786376953,74.73999786376953,41397,yahoo_chart
2025-02-18,74.63999938964844,76.05000305175781,74.19000244140625,75.83999633789062,50542,yahoo_chart
2025-02-19,75.80000305175781,76.81999969482422,75.75,76.04000091552734,30426,yahoo_chart
2025-02-20,76.04000091552734,77.13999938964844,75.70999908447266,76.4800033569336,33347,yahoo_chart
2025-02-21,76.55999755859375,76.75,74.20999908447266,74.43000030517578,28100,yahoo_chart
2025-02-24,73.91000366210938,74.91000366210938,73.91000366210938,74.77999877929688,17858,yahoo_chart
2025-02-25,74.88999938964844,75.25,72.69999694824219,73.0199966430664,19080,yahoo_chart
2025-02-26,73.13999938964844,73.33999633789062,72.38999938964844,72.52999877929688,11916,yahoo_chart
2025-02-27,72.69000244140625,74.26000213623047,72.4800033569336,74.04000091552734,7925,yahoo_chart
2025-02-28,73.7300033569336,73.73999786376953,72.97000122070312,73.18000030517578,36432,yahoo_chart
2025-03-03,73.06999969482422,73.66000366210938,71.16999816894531,71.62000274658203,51816,yahoo_chart
2025-03-04,71.44999694824219,71.45999908447266,69.75,71.04000091552734,58867,yahoo_chart
2025-03-05,71.13999938964844,71.16000366210938,68.33999633789062,69.30000305175781,51721,yahoo_chart
2025-03-06,69.44999694824219,69.87999725341797,68.7300033569336,69.45999908447266,49024,yahoo_chart
2025-03-07,69.37999725341797,71.37999725341797,69.27999877929688,70.36000061035156,46468,yahoo_chart
2025-03-10,70.44000244140625,70.86000061035156,69.05999755859375,69.27999877929688,33488,yahoo_chart
2025-03-11,69.41000366210938,70.43000030517578,68.62999725341797,69.55999755859375,26933,yahoo_chart
2025-03-12,69.8499984741211,71.08999633789062,69.47000122070312,70.94999694824219,30577,yahoo_chart
2025-03-13,70.9800033569336,71.23999786376953,69.68000030517578,69.87999725341797,33450,yahoo_chart
2025-03-14,70.08000183105469,70.75,69.94000244140625,70.58000183105469,24740,yahoo_chart
2025-03-17,70.68000030517578,71.79000091552734,70.68000030517578,71.06999969482422,29314,yahoo_chart
2025-03-18,70.93000030517578,72.19000244140625,70.26000213623047,70.55999755859375,32008,yahoo_chart
2025-03-19,70.36000061035156,71.22000122070312,69.9000015258789,70.77999877929688,26898,yahoo_chart
2025-03-20,70.86000061035156,72.29000091552734,70.52999877929688,72.0,33049,yahoo_chart
2025-03-21,72.2300033569336,72.54000091552734,71.51000213623047,72.16000366210938,23983,yahoo_chart
2025-03-24,72.19999694824219,73.16000366210938,71.80000305175781,73.0,31456,yahoo_chart
2025-03-25,73.08999633789062,73.56999969482422,72.5,73.0199966430664,30415,yahoo_chart
2025-03-26,73.18000030517578,74.16999816894531,73.08999633789062,73.79000091552734,27419,yahoo_chart
2025-03-27,73.98999786376953,74.06999969482422,73.2300033569336,74.02999877929688,19183,yahoo_chart
2025-03-28,74.05999755859375,74.20999908447266,73.12000274658203,73.62999725341797,12292,yahoo_chart
2025-03-31,73.41999816894531,74.79000091552734,73.37000274658203,74.73999786376953,53426,yahoo_chart
2025-04-01,74.62999725341797,75.27999877929688,74.33999633789062,74.48999786376953,54055,yahoo_chart
2025-04-02,74.4000015258789,75.45999908447266,73.70999908447266,74.94999694824219,61062,yahoo_chart
2025-04-03,73.58999633789062,73.62000274658203,69.47000122070312,70.13999938964844,100212,yahoo_chart
2025-04-04,69.80999755859375,70.05000305175781,64.01000213623047,65.58000183105469,121211,yahoo_chart
2025-04-07,64.79000091552734,67.41000366210938,62.5099983215332,64.20999908447266,114411,yahoo_chart
2025-04-08,64.44000244140625,65.19000244140625,61.279998779296875,62.81999969482422,89690,yahoo_chart
2025-04-09,61.54999923706055,66.0199966430664,58.38999938964844,65.4800033569336,127044,yahoo_chart
2025-04-10,65.80999755859375,66.2300033569336,62.0099983215332,63.33000183105469,78111,yahoo_chart
2025-04-11,63.45000076293945,65.05000305175781,62.7599983215332,64.76000213623047,58543,yahoo_chart
2025-04-14,64.88999938964844,65.9000015258789,64.04000091552734,64.87999725341797,43786,yahoo_chart
2025-04-15,64.93000030517578,65.38999938964844,64.2300033569336,64.66999816894531,40096,yahoo_chart
2025-04-16,64.86000061035156,66.30999755859375,63.79999923706055,65.8499984741211,50308,yahoo_chart
2025-04-17,66.01000213623047,68.12999725341797,65.94999694824219,67.95999908447266,39781,yahoo_chart
2025-04-21,67.77999877929688,67.77999877929688,65.68000030517578,66.26000213623047,38512,yahoo_chart
2025-04-22,66.5999984741211,68.04000091552734,66.55000305175781,67.44000244140625,46152,yahoo_chart
2025-04-23,67.76000213623047,68.63999938964844,65.29000091552734,66.12000274658203,58914,yahoo_chart
2025-04-24,66.22000122070312,67.02999877929688,65.80999755859375,66.55000305175781,36169,yahoo_chart
2025-04-25,66.56999969482422,67.18000030517578,65.55999755859375,66.87000274658203,30729,yahoo_chart
2025-04-28,67.20999908447266,67.52999877929688,65.25,65.86000061035156,21525,yahoo_chart
2025-04-29,65.75,65.80999755859375,63.88999938964844,64.25,17528,yahoo_chart
2025-04-30,63.54999923706055,63.75,63.0,63.119998931884766,79025,yahoo_chart
2025-05-01,61.13999938964844,62.36000061035156,59.310001373291016,62.130001068115234,66984,yahoo_chart
2025-05-02,61.880001068115234,62.720001220703125,60.70000076293945,61.290000915527344,58444,yahoo_chart
2025-05-05,59.5099983215332,60.77000045776367,58.40999984741211,60.22999954223633,49504,yahoo_chart
2025-05-06,60.279998779296875,62.79999923706055,60.189998626708984,62.150001525878906,63444,yahoo_chart
2025-05-07,62.06999969482422,63.209999084472656,60.849998474121094,61.119998931884766,60579,yahoo_chart
2025-05-08,60.93000030517578,63.209999084472656,60.779998779296875,62.84000015258789,56931,yahoo_chart
2025-05-09,63.25,64.2699966430664,62.849998474121094,63.90999984741211,51994,yahoo_chart
2025-05-12,64.2300033569336,66.37999725341797,63.88999938964844,64.95999908447266,62946,yahoo_chart
2025-05-13,64.91999816894531,66.80000305175781,64.6500015258789,66.62999725341797,55567,yahoo_chart
2025-05-14,66.5199966430664,66.58999633789062,65.68000030517578,66.08999633789062,49980,yahoo_chart
2025-05-15,65.76000213623047,65.83999633789062,63.439998626708984,64.52999877929688,70642,yahoo_chart
2025-05-16,64.62999725341797,65.54000091552734,64.16999816894531,65.41000366210938,38629,yahoo_chart
2025-05-19,65.30999755859375,66.01000213623047,64.43000030517578,65.54000091552734,43539,yahoo_chart
2025-05-20,65.56999969482422,66.0,64.8499984741211,65.37999725341797,42663,yahoo_chart
2025-05-21,65.61000061035156,67.48999786376953,64.61000061035156,64.91000366210938,58658,yahoo_chart
2025-05-22,64.63999938964844,65.0199966430664,63.529998779296875,64.44000244140625,45811,yahoo_chart
2025-05-23,64.0199966430664,65.04000091552734,63.310001373291016,64.77999877929688,29810,yahoo_chart
2025-05-27,65.0199966430664,65.41000366210938,63.470001220703125,64.08999633789062,34117,yahoo_chart
2025-05-28,64.31999969482422,65.61000061035156,64.02999877929688,64.9000015258789,17817,yahoo_chart
2025-05-29,65.30000305175781,66.12999725341797,63.779998779296875,64.1500015258789,10456,yahoo_chart
2025-05-30,63.81999969482422,64.5199966430664,63.70000076293945,63.900001525878906,63546,yahoo_chart
2025-06-02,63.040000915527344,65.70999908447266,62.970001220703125,64.62999725341797,57349,yahoo_chart
2025-06-03,65.02999877929688,65.94000244140625,64.5199966430664,65.62999725341797,43536,yahoo_chart
2025-06-04,65.61000061035156,65.95999908447266,64.27999877929688,64.86000061035156,56182,yahoo_chart
2025-06-05,64.91000366210938,65.86000061035156,64.62999725341797,65.33999633789062,38658,yahoo_chart
2025-06-06,65.19999694824219,66.66999816894531,64.81999969482422,66.47000122070312,39490,yahoo_chart
2025-06-09,66.5999984741211,67.12999725341797,66.08000183105469,67.04000091552734,35213,yahoo_chart
2025-06-10,67.11000061035156,68.0,66.4800033569336,66.87000274658203,40266,yahoo_chart
2025-06-11,66.56999969482422,69.95999908447266,66.47000122070312,69.7699966430664,58118,yahoo_chart
2025-06-12,70.36000061035156,70.61000061035156,68.37000274658203,69.36000061035156,60336,yahoo_chart
2025-06-13,70.2699966430664,78.52999877929688,69.91999816894531,74.2300033569336,175031,yahoo_chart
2025-06-16,76.80999755859375,78.4800033569336,70.63999938964844,73.2300033569336,100509,yahoo_chart
2025-06-17,72.80999755859375,77.08000183105469,72.52999877929688,76.44999694824219,88748,yahoo_chart
2025-06-18,77.19000244140625,77.43000030517578,74.44000244140625,76.69999694824219,0,yahoo_chart
2025-06-20,76.12000274658203,79.0199966430664,75.52999877929688,77.01000213623047,98821,yahoo_chart
2025-06-23,80.01000213623047,81.4000015258789,69.54000091552734,71.4800033569336,100475,yahoo_chart
2025-06-24,70.5999984741211,70.7300033569336,66.80999755859375,67.13999938964844,62358,yahoo_chart
2025-06-25,67.91999816894531,68.76000213623047,67.31999969482422,67.68000030517578,23618,yahoo_chart
2025-06-26,67.75,69.04000091552734,67.38999938964844,67.7300033569336,13057,yahoo_chart
2025-06-27,67.95999908447266,68.41000366210938,67.20999908447266,67.7699966430664,8218,yahoo_chart
2025-06-30,67.16999816894531,68.12000274658203,67.11000061035156,67.61000061035156,32957,yahoo_chart
2025-07-01,66.58999633789062,67.4800033569336,66.33999633789062,67.11000061035156,29256,yahoo_chart
2025-07-02,67.20999908447266,69.19999694824219,66.94000244140625,69.11000061035156,50268,yahoo_chart
2025-07-03,69.0199966430664,69.12999725341797,68.30999755859375,68.80000305175781,0,yahoo_chart
2025-07-04,68.80999755859375,68.91000366210938,67.75,68.29000091552734,0,yahoo_chart
2025-07-07,67.61000061035156,69.93000030517578,67.36000061035156,69.58000183105469,59456,yahoo_chart
2025-07-08,69.54000091552734,70.66000366210938,69.05000305175781,70.1500015258789,34109,yahoo_chart
2025-07-09,69.9000015258789,70.69999694824219,69.61000061035156,70.19000244140625,42186,yahoo_chart
2025-07-10,70.19000244140625,70.48999786376953,68.52999877929688,68.63999938964844,52295,yahoo_chart
2025-07-11,68.98999786376953,70.69000244140625,68.55999755859375,70.36000061035156,40262,yahoo_chart
2025-07-14,70.52999877929688,71.51000213623047,69.0199966430664,69.20999908447266,62179,yahoo_chart
2025-07-15,69.0999984741211,69.4000015258789,68.55999755859375,68.70999908447266,51233,yahoo_chart
2025-07-16,68.9000015258789,69.06999969482422,67.70999908447266,68.5199966430664,55511,yahoo_chart
2025-07-17,68.69000244140625,69.62000274658203,68.29000091552734,69.5199966430664,50817,yahoo_chart
2025-07-18,69.55999755859375,70.77999877929688,69.13999938964844,69.27999877929688,52366,yahoo_chart
2025-07-21,69.22000122070312,69.62000274658203,68.41999816894531,69.20999908447266,41204,yahoo_chart
2025-07-22,69.02999877929688,69.0999984741211,68.11000061035156,68.58999633789062,50140,yahoo_chart
2025-07-23,68.72000122070312,69.08000183105469,68.0,68.51000213623047,37734,yahoo_chart
2025-07-24,68.72000122070312,69.52999877929688,68.5,69.18000030517578,39597,yahoo_chart
2025-07-25,69.26000213623047,69.88999938964844,68.30000305175781,68.44000244140625,27384,yahoo_chart
2025-07-28,68.47000122070312,70.44999694824219,68.38999938964844,70.04000091552734,31485,yahoo_chart
2025-07-29,70.38999938964844,73.06999969482422,69.88999938964844,72.51000213623047,24345,yahoo_chart
2025-07-30,72.68000030517578,73.62999725341797,71.75,73.23999786376953,15242,yahoo_chart
2025-07-31,73.4000015258789,73.48999786376953,72.41999816894531,72.52999877929688,56020,yahoo_chart
2025-08-01,71.7699966430664,71.98999786376953,69.41000366210938,69.66999816894531,68855,yahoo_chart
2025-08-04,69.0,69.9800033569336,67.98999786376953,68.76000213623047,41788,yahoo_chart
2025-08-05,68.75,68.8499984741211,67.52999877929688,67.63999938964844,47388,yahoo_chart
2025-08-06,67.76000213623047,69.19000244140625,66.22000122070312,66.88999938964844,62159,yahoo_chart
2025-08-07,66.87999725341797,67.63999938964844,66.2699966430664,66.43000030517578,44063,yahoo_chart
2025-08-08,66.37999725341797,67.19000244140625,65.5,66.58999633789062,52157,yahoo_chart
2025-08-11,66.2300033569336,67.11000061035156,65.83000183105469,66.62999725341797,31132,yahoo_chart
2025-08-12,66.72000122070312,67.04000091552734,65.97000122070312,66.12000274658203,33110,yahoo_chart
2025-08-13,66.05000305175781,66.33000183105469,65.0,65.62999725341797,40497,yahoo_chart
2025-08-14,65.7699966430664,66.9800033569336,65.56999969482422,66.83999633789062,34810,yahoo_chart
2025-08-15,66.80000305175781,67.08000183105469,65.7300033569336,65.8499984741211,35864,yahoo_chart
2025-08-18,65.94999694824219,66.80999755859375,65.30999755859375,66.5999984741211,35004,yahoo_chart
2025-08-19,66.55999755859375,66.58000183105469,65.5999984741211,65.79000091552734,32562,yahoo_chart
2025-08-20,65.93000030517578,67.05000305175781,65.81999969482422,66.83999633789062,39505,yahoo_chart
2025-08-21,66.94999694824219,67.77999877929688,66.73999786376953,67.66999816894531,29950,yahoo_chart
2025-08-22,67.62000274658203,68.0199966430664,67.41999816894531,67.7300033569336,27481,yahoo_chart
2025-08-25,67.83999633789062,69.05999755859375,67.58000183105469,68.80000305175781,19094,yahoo_chart
2025-08-26,68.7300033569336,68.7300033569336,67.11000061035156,67.22000122070312,21046,yahoo_chart
2025-08-27,67.23999786376953,68.0999984741211,66.91999816894531,68.05000305175781,16597,yahoo_chart
2025-08-28,67.70999908447266,68.66000366210938,67.4000015258789,68.62000274658203,8829,yahoo_chart
2025-08-29,68.26000213623047,68.36000061035156,68.02999877929688,68.12000274658203,0,yahoo_chart
2025-09-02,67.43000030517578,69.51000213623047,67.08999633789062,69.13999938964844,55307,yahoo_chart
2025-09-03,69.05999755859375,69.2300033569336,67.37999725341797,67.5999984741211,45108,yahoo_chart
2025-09-04,67.44000244140625,67.48999786376953,66.31999969482422,66.98999786376953,42152,yahoo_chart
2025-09-05,66.83999633789062,67.05000305175781,65.08000183105469,65.5,38287,yahoo_chart
2025-09-08,65.80999755859375,67.02999877929688,65.5199966430664,66.0199966430664,29078,yahoo_chart
2025-09-09,66.16999816894531,67.38999938964844,66.13999938964844,66.38999938964844,38860,yahoo_chart
2025-09-10,66.44000244140625,67.7699966430664,66.44000244140625,67.48999786376953,38789,yahoo_chart
2025-09-11,67.58000183105469,67.61000061035156,66.16000366210938,66.37000274658203,34565,yahoo_chart
2025-09-12,66.30999755859375,68.1500015258789,65.72000122070312,66.98999786376953,50762,yahoo_chart
2025-09-15,67.22000122070312,67.83999633789062,66.79000091552734,67.44000244140625,26320,yahoo_chart
2025-09-16,67.48999786376953,68.69000244140625,67.0,68.47000122070312,34128,yahoo_chart
2025-09-17,68.41000366210938,68.58999633789062,67.62000274658203,67.94999694824219,30515,yahoo_chart
2025-09-18,67.88999938964844,68.41000366210938,67.19000244140625,67.44000244140625,29610,yahoo_chart
2025-09-19,67.45999908447266,67.55999755859375,66.43000030517578,66.68000030517578,24400,yahoo_chart
2025-09-22,66.66999816894531,67.30000305175781,65.94000244140625,66.56999969482422,23634,yahoo_chart
2025-09-23,66.58999633789062,68.08000183105469,66.12000274658203,67.62999725341797,27893,yahoo_chart
2025-09-24,67.86000061035156,69.36000061035156,67.5199966430664,69.30999755859375,28459,yahoo_chart
2025-09-25,69.08999633789062,69.66999816894531,68.44000244140625,69.41999816894531,21388,yahoo_chart
2025-09-26,69.69999694824219,70.7699966430664,69.11000061035156,70.12999725341797,11917,yahoo_chart
2025-09-29,69.47000122070312,69.93000030517578,67.55000305175781,67.97000122070312,8229,yahoo_chart
2025-09-30,67.58999633789062,67.58999633789062,66.91000366210938,67.0199966430664,46335,yahoo_chart
2025-10-01,66.08999633789062,66.56999969482422,65.04000091552734,65.3499984741211,44601,yahoo_chart
2025-10-02,65.4000015258789,66.12000274658203,64.0,64.11000061035156,52074,yahoo_chart
2025-10-03,64.30000305175781,65.0,64.20999908447266,64.52999877929688,38970,yahoo_chart
2025-10-06,64.81999969482422,65.7699966430664,64.76000213623047,65.47000122070312,38055,yahoo_chart
2025-10-07,65.54000091552734,65.83000183105469,64.5199966430664,65.44999694824219,36191,yahoo_chart
2025-10-08,65.80999755859375,66.52999877929688,65.77999877929688,66.25,38630,yahoo_chart
2025-10-09,66.08999633789062,66.55999755859375,64.95999908447266,65.22000122070312,40845,yahoo_chart
2025-10-10,65.16999816894531,65.3499984741211,62.130001068115234,62.72999954223633,54929,yahoo_chart
2025-10-13,62.66999816894531,63.95000076293945,62.66999816894531,63.31999969482422,35368,yahoo_chart
2025-10-14,63.439998626708984,63.619998931884766,61.5,62.38999938964844,44016,yahoo_chart
2025-10-15,62.279998779296875,63.02000045776367,61.790000915527344,61.90999984741211,40209,yahoo_chart
2025-10-16,62.439998626708984,62.75,60.84000015258789,61.060001373291016,46229,yahoo_chart
2025-10-17,61.11000061035156,61.45000076293945,60.150001525878906,61.290000915527344,50372,yahoo_chart
2025-10-20,61.43000030517578,61.54999923706055,60.06999969482422,61.0099983215332,33883,yahoo_chart
2025-10-21,60.90999984741211,62.09000015258789,60.34000015258789,61.31999969482422,45150,yahoo_chart
2025-10-22,61.619998931884766,63.91999816894531,61.400001525878906,62.59000015258789,46114,yahoo_chart
2025-10-23,64.25,66.33999633789062,63.849998474121094,65.98999786376953,87705,yahoo_chart
2025-10-24,65.87000274658203,66.7699966430664,65.44000244140625,65.94000244140625,38354,yahoo_chart
2025-10-27,66.26000213623047,66.5999984741211,65.08000183105469,65.62000274658203,32237,yahoo_chart
2025-10-28,65.79000091552734,65.79000091552734,64.0,64.4000015258789,33807,yahoo_chart
2025-10-29,64.48999786376953,65.37999725341797,63.93000030517578,64.91999816894531,16478,yahoo_chart
2025-10-30,64.8499984741211,65.16000366210938,64.05999755859375,65.0,10024,yahoo_chart
2025-10-31,64.75,65.5,64.5199966430664,65.06999969482422,44972,yahoo_chart
2025-11-03,65.06999969482422,65.30999755859375,64.33000183105469,64.88999938964844,0,yahoo_chart
2025-11-04,64.81999969482422,64.83999633789062,63.83000183105469,64.44000244140625,36655,yahoo_chart
2025-11-05,64.26000213623047,64.94000244140625,63.43000030517578,63.52000045776367,42320,yahoo_chart
2025-11-06,63.58000183105469,64.33000183105469,62.83000183105469,63.380001068115234,43138,yahoo_chart
2025-11-07,63.63999938964844,64.37999725341797,63.2400016784668,63.630001068115234,36620,yahoo_chart
2025-11-10,63.689998626708984,64.30999755859375,63.33000183105469,64.05999755859375,30891,yahoo_chart
2025-11-11,63.970001220703125,65.29000091552734,63.61000061035156,65.16000366210938,41959,yahoo_chart
2025-11-12,65.20999908447266,65.20999908447266,62.560001373291016,62.709999084472656,42279,yahoo_chart
2025-11-13,62.66999816894531,63.439998626708984,62.34000015258789,63.0099983215332,36603,yahoo_chart
2025-11-14,63.04999923706055,64.8499984741211,63.04999923706055,64.38999938964844,58912,yahoo_chart
2025-11-17,64.0199966430664,64.72000122070312,63.65999984741211,64.19999694824219,33667,yahoo_chart
2025-11-18,64.0,65.08000183105469,63.61000061035156,64.88999938964844,36791,yahoo_chart
2025-11-19,64.7300033569336,64.86000061035156,62.869998931884766,63.5099983215332,38776,yahoo_chart
2025-11-20,63.59000015258789,64.38999938964844,62.95000076293945,63.380001068115234,42345,yahoo_chart
2025-11-21,63.130001068115234,63.13999938964844,61.869998931884766,62.560001373291016,43029,yahoo_chart
2025-11-24,62.560001373291016,63.529998779296875,61.93000030517578,63.369998931884766,30888,yahoo_chart
2025-11-25,63.40999984741211,63.40999984741211,61.61000061035156,62.47999954223633,26580,yahoo_chart
2025-11-26,62.599998474121094,63.20000076293945,62.119998931884766,63.130001068115234,21288,yahoo_chart
2025-11-28,63.0099983215332,63.459999084472656,62.810001373291016,63.20000076293945,31795,yahoo_chart
2025-12-01,62.689998626708984,63.810001373291016,62.689998626708984,63.16999816894531,31203,yahoo_chart
2025-12-02,63.29999923706055,63.43000030517578,62.16999816894531,62.45000076293945,39539,yahoo_chart
2025-12-03,62.43000030517578,63.349998474121094,62.16999816894531,62.66999816894531,40622,yahoo_chart
2025-12-04,62.7599983215332,63.61000061035156,62.529998779296875,63.2599983215332,32164,yahoo_chart
2025-12-05,63.29999923706055,64.08000183105469,63.06999969482422,63.75,26349,yahoo_chart
2025-12-08,63.900001525878906,63.959999084472656,62.349998474121094,62.4900016784668,38815,yahoo_chart
2025-12-09,62.5,62.779998779296875,61.83000183105469,61.939998626708984,32575,yahoo_chart
2025-12-10,62.13999938964844,62.72999954223633,61.349998474121094,62.209999084472656,45191,yahoo_chart
2025-12-11,62.619998931884766,62.619998931884766,60.75,61.279998779296875,48635,yahoo_chart
2025-12-12,61.599998474121094,61.849998474121094,60.810001373291016,61.119998931884766,42931,yahoo_chart
2025-12-15,61.15999984741211,61.5,60.130001068115234,60.560001373291016,42976,yahoo_chart
2025-12-16,60.33000183105469,60.40999984741211,58.720001220703125,58.91999816894531,48212,yahoo_chart
2025-12-17,58.939998626708984,60.65999984741211,58.90999984741211,59.68000030517578,50078,yahoo_chart
2025-12-18,60.63999938964844,60.720001220703125,59.54999923706055,59.81999969482422,31064,yahoo_chart
2025-12-19,59.77000045776367,60.63999938964844,59.40999984741211,60.470001220703125,36104,yahoo_chart
2025-12-22,60.56999969482422,62.15999984741211,60.560001373291016,62.06999969482422,35138,yahoo_chart
2025-12-23,61.9900016784668,62.54999923706055,61.72999954223633,62.380001068115234,26231,yahoo_chart
2025-12-24,62.43000030517578,62.720001220703125,62.02000045776367,62.2400016784668,14966,yahoo_chart
2025-12-26,62.349998474121094,62.689998626708984,60.59000015258789,60.63999938964844,9687,yahoo_chart
2025-12-29,61.040000915527344,62.150001525878906,60.95000076293945,61.939998626708984,9170,yahoo_chart
2025-12-30,61.70000076293945,62.33000183105469,61.5099983215332,61.91999816894531,30567,yahoo_chart
2025-12-31,61.27000045776367,61.90999984741211,60.619998931884766,60.849998474121094,30919,yahoo_chart
2026-01-02,60.91999816894531,61.36000061035156,60.0,60.75,33381,yahoo_chart
2026-01-05,60.88999938964844,61.880001068115234,59.7599983215332,61.7599983215332,45681,yahoo_chart
2026-01-06,61.790000915527344,62.31999969482422,60.400001525878906,60.70000076293945,48263,yahoo_chart
2026-01-07,60.61000061035156,60.90999984741211,59.45000076293945,59.959999084472656,71788,yahoo_chart
2026-01-08,60.349998474121094,63.0099983215332,59.95000076293945,61.9900016784668,64136,yahoo_chart
2026-01-09,62.66999816894531,63.90999984741211,61.84000015258789,63.34000015258789,56568,yahoo_chart
2026-01-12,63.40999984741211,64.27999877929688,62.7599983215332,63.869998931884766,56900,yahoo_chart
2026-01-13,64.16999816894531,65.91000366210938,63.849998474121094,65.47000122070312,80180,yahoo_chart
2026-01-14,65.44000244140625,66.80999755859375,63.470001220703125,66.5199966430664,96568,yahoo_chart
2026-01-15,65.69000244140625,65.69000244140625,63.279998779296875,63.7599983215332,54944,yahoo_chart
2026-01-16,63.79999923706055,64.7699966430664,63.45000076293945,64.12999725341797,35235,yahoo_chart
2026-01-20,63.560001373291016,65.12000274658203,63.2599983215332,64.91999816894531,78657,yahoo_chart
2026-01-21,64.01000213623047,65.41000366210938,63.630001068115234,65.23999786376953,52906,yahoo_chart
2026-01-22,65.13999938964844,65.37000274658203,63.560001373291016,64.05999755859375,49453,yahoo_chart
2026-01-23,64.27999877929688,66.20999908447266,64.23999786376953,65.87999725341797,34015,yahoo_chart
2026-01-26,66.06999969482422,66.51000213623047,65.27999877929688,65.58999633789062,25795,yahoo_chart
2026-01-27,65.7300033569336,67.77999877929688,65.0,67.56999969482422,34327,yahoo_chart
2026-01-28,67.7699966430664,68.69999694824219,67.12999725341797,68.4000015258789,23555,yahoo_chart
2026-01-29,68.66999816894531,71.87999725341797,68.61000061035156,70.70999908447266,26980,yahoo_chart
2026-01-30,70.16000366210938,70.91999816894531,69.11000061035156,70.69000244140625,85305,yahoo_chart
2026-02-02,68.72000122070312,68.80999755859375,65.45999908447266,66.30000305175781,80104,yahoo_chart
2026-02-03,66.30000305175781,68.2699966430664,65.19000244140625,67.33000183105469,83736,yahoo_chart
2026-02-04,67.94000244140625,69.75,66.98999786376953,69.45999908447266,98236,yahoo_chart
2026-02-05,68.83000183105469,68.94000244140625,66.91999816894531,67.55000305175781,65248,yahoo_chart
2026-02-06,67.41000366210938,68.81999969482422,66.58000183105469,68.05000305175781,79538,yahoo_chart
2026-02-09,67.51000213623047,69.44000244140625,67.02999877929688,69.04000091552734,51346,yahoo_chart
2026-02-10,69.1500015258789,69.5,68.48999786376953,68.80000305175781,45779,yahoo_chart
2026-02-11,69.11000061035156,70.72000122070312,69.01000213623047,69.4000015258789,49482,yahoo_chart
2026-02-12,69.63999938964844,69.83999633789062,67.08999633789062,67.5199966430664,48058,yahoo_chart
2026-02-13,67.58999633789062,68.05000305175781,66.88999938964844,67.75,42167,yahoo_chart
2026-02-17,68.05999755859375,69.02999877929688,66.83000183105469,67.41999816894531,74745,yahoo_chart
2026-02-18,67.51000213623047,70.68000030517578,67.33999633789062,70.3499984741211,56115,yahoo_chart
2026-02-19,70.05000305175781,72.12999725341797,70.05000305175781,71.66000366210938,73081,yahoo_chart
2026-02-20,71.73999786376953,72.31999969482422,71.08000183105469,71.76000213623047,40579,yahoo_chart
2026-02-23,71.23999786376953,72.4800033569336,70.73999786376953,71.48999786376953,28933,yahoo_chart
2026-02-24,71.47000122070312,72.23999786376953,70.70999908447266,70.7699966430664,37988,yahoo_chart
2026-02-25,71.22000122070312,71.76000213623047,70.44999694824219,70.8499984741211,18491,yahoo_chart
2026-02-26,71.11000061035156,72.58999633789062,69.31999969482422,70.75,17725,yahoo_chart
2026-02-27,70.5,72.98999786376953,70.44000244140625,72.4800033569336,79435,yahoo_chart
2026-03-02,77.0,82.11000061035156,75.79000091552734,77.73999786376953,143671,yahoo_chart
2026-03-03,78.05000305175781,85.05000305175781,77.37000274658203,81.4000015258789,229556,yahoo_chart
2026-03-04,81.9000015258789,84.44999694824219,80.30000305175781,81.4000015258789,152390,yahoo_chart
2026-03-05,82.43000030517578,86.27999877929688,81.5199966430664,85.41000366210938,146018,yahoo_chart
2026-03-06,84.83999633789062,94.55000305175781,83.16999816894531,92.69000244140625,197523,yahoo_chart
2026-03-09,98.36000061035156,119.4000015258789,83.87999725341797,98.95999908447266,235965,yahoo_chart
2026-03-10,92.44999694824219,95.08000183105469,81.16000366210938,87.80000305175781,144614,yahoo_chart
2026-03-11,91.30000305175781,93.25,86.31999969482422,91.9800033569336,101940,yahoo_chart
2026-03-12,93.73999786376953,101.80000305175781,93.69999694824219,100.45999908447266,92219,yahoo_chart
2026-03-13,101.66000366210938,103.9000015258789,97.55000305175781,103.13999938964844,71698,yahoo_chart
2026-03-16,105.51000213623047,106.51000213623047,99.55999755859375,100.20999908447266,77839,yahoo_chart
2026-03-17,101.37000274658203,104.9800033569336,100.76000213623047,103.41999816894531,65199,yahoo_chart
2026-03-18,103.44999694824219,111.86000061035156,100.33999633789062,107.37999725341797,73104,yahoo_chart
2026-03-19,109.66000366210938,119.12000274658203,103.75,108.6500015258789,87485,yahoo_chart
2026-03-20,107.66999816894531,113.11000061035156,105.0999984741211,112.19000244140625,57217,yahoo_chart
2026-03-23,114.9000015258789,115.0999984741211,96.25,99.94000244140625,113332,yahoo_chart
2026-03-24,100.5,105.04000091552734,98.08999633789062,104.48999786376953,68614,yahoo_chart
2026-03-25,99.98999786376953,103.4000015258789,97.1500015258789,102.22000122070312,53714,yahoo_chart
2026-03-26,103.08000183105469,109.05999755859375,102.77999877929688,108.01000213623047,28970,yahoo_chart
2026-03-27,106.22000122070312,114.80999755859375,105.25,112.56999969482422,18402,yahoo_chart
2026-03-30,116.13999938964844,116.87000274658203,111.5,112.77999877929688,15053,yahoo_chart
2026-03-31,114.7300033569336,119.2699966430664,111.0,118.3499984741211,69949,yahoo_chart
2026-04-01,103.9000015258789,105.9000015258789,98.45999908447266,101.16000366210938,61629,yahoo_chart
2026-04-02,100.30000305175781,109.70999908447266,99.0199966430664,109.02999877929688,0,yahoo_chart
2026-04-06,109.19999694824219,111.87000274658203,106.8499984741211,109.7699966430664,27863,yahoo_chart
2026-04-07,109.58999633789062,111.80000305175781,104.56999969482422,109.2699966430664,65194,yahoo_chart
2026-04-08,103.4000015258789,104.0,90.01000213623047,94.75,82140,yahoo_chart
2026-04-09,96.52999877929688,99.5199966430664,94.33999633789062,95.91999816894531,54501,yahoo_chart
2026-04-10,96.37999725341797,98.25,94.23999786376953,95.19999694824219,35012,yahoo_chart
2026-04-13,99.70999908447266,103.86000061035156,97.63999938964844,99.36000061035156,50559,yahoo_chart
2026-04-14,98.41999816894531,99.41000366210938,94.43000030517578,94.79000091552734,40991,yahoo_chart
2026-04-15,95.5199966430664,96.88999938964844,91.0,94.93000030517578,41928,yahoo_chart
2026-04-16,94.91000366210938,99.83999633789062,94.41999816894531,99.38999938964844,36540,yahoo_chart
2026-04-17,98.25,98.97000122070312,86.08000183105469,90.37999725341797,85233,yahoo_chart
2026-04-20,96.20999908447266,97.80999755859375,92.7699966430664,95.4800033569336,46389,yahoo_chart
2026-04-21,93.98999786376953,101.1500015258789,93.87000274658203,98.4800033569336,50039,yahoo_chart
2026-04-22,98.9000015258789,102.30999755859375,96.54000091552734,101.91000366210938,39837,yahoo_chart
2026-04-23,101.58000183105469,107.36000061035156,101.27999877929688,105.06999969482422,54489,yahoo_chart
2026-04-24,106.27999877929688,107.45999908447266,103.4000015258789,105.33000183105469,52646,yahoo_chart
2026-04-27,106.5,109.79000091552734,105.8499984741211,108.2300033569336,29439,yahoo_chart
2026-04-28,108.30000305175781,112.69000244140625,107.91999816894531,111.26000213623047,23451,yahoo_chart
2026-04-29,111.01000213623047,120.30000305175781,110.20999908447266,118.02999877929688,18031,yahoo_chart
2026-04-30,119.9800033569336,126.0999984741211,113.0,114.01000213623047,58572,yahoo_chart
2026-05-01,111.01000213623047,112.43000030517578,106.2699966430664,108.16999816894531,40576,yahoo_chart
2026-05-04,107.12999725341797,115.25,105.66000366210938,114.44000244140625,67567,yahoo_chart
2026-05-05,113.81999969482422,114.44999694824219,109.5999984741211,109.87000274658203,39713,yahoo_chart
2026-05-06,110.44999694824219,110.44999694824219,96.7300033569336,101.2699966430664,61814,yahoo_chart
2026-05-07,101.52999877929688,103.41000366210938,96.06999969482422,100.05999755859375,62847,yahoo_chart
2026-05-08,103.55999755859375,103.95999908447266,99.54000091552734,101.29000091552734,34316,yahoo_chart
2026-05-11,104.0,106.0,102.81999969482422,104.20999908447266,35359,yahoo_chart
2026-05-12,104.5,108.41999816894531,104.11000061035156,107.7699966430664,30738,yahoo_chart
2026-05-13,107.73999786376953,108.30999755859375,105.30999755859375,105.62999725341797,27718,yahoo_chart
2026-05-14,105.63999938964844,107.08000183105469,103.86000061035156,105.72000122070312,27529,yahoo_chart
2026-05-15,106.56999969482422,109.7300033569336,106.05000305175781,109.26000213623047,26518,yahoo_chart
2026-05-18,109.61000061035156,112.69000244140625,106.87000274658203,112.0999984741211,46404,yahoo_chart
2026-05-19,109.55000305175781,111.79000091552734,108.9000015258789,111.27999877929688,29390,yahoo_chart
2026-05-20,111.20999908447266,111.5,103.27999877929688,105.0199966430664,53332,yahoo_chart
2026-05-21,105.20999908447266,109.30999755859375,102.16000366210938,102.58000183105469,51232,yahoo_chart
2026-05-22,104.5199966430664,106.3499984741211,101.37999725341797,103.54000091552734,35039,yahoo_chart
2026-05-26,100.55000305175781,100.75,95.93000030517578,99.58000183105469,37926,yahoo_chart
2026-05-27,99.4000015258789,99.86000061035156,94.1500015258789,94.29000091552734,20553,yahoo_chart
2026-05-28,94.97000122070312,98.16000366210938,92.55999755859375,93.70999908447266,9881,yahoo_chart
2026-05-29,93.37000274658203,94.01000213623047,91.45999908447266,92.05000305175781,39308,yahoo_chart
2026-06-01,92.41000366210938,97.80000305175781,92.37000274658203,94.9800033569336,57796,yahoo_chart
2026-06-02,95.4000015258789,96.26000213623047,92.81999969482422,96.0,40210,yahoo_chart
2026-06-03,96.06999969482422,99.0,96.04000091552734,97.80999755859375,40867,yahoo_chart
2026-06-04,97.43000030517578,97.56999969482422,93.91999816894531,95.02999877929688,34844,yahoo_chart
2026-06-05,95.06999969482422,95.9000015258789,92.68000030517578,93.08999633789062,36817,yahoo_chart
2026-06-08,95.5,98.05000305175781,93.66999816894531,94.25,36849,yahoo_chart
2026-06-09,94.33999633789062,94.5199966430664,89.58999633789062,91.44999694824219,42857,yahoo_chart
2026-06-10,92.26000213623047,94.7300033569336,90.79000091552734,93.0999984741211,39760,yahoo_chart
2026-06-11,94.87999725341797,96.36000061035156,88.4000015258789,90.37999725341797,46406,yahoo_chart
2026-06-12,89.2300033569336,89.87000274658203,85.80000305175781,87.33000183105469,34732,yahoo_chart
2026-06-15,85.0199966430664,85.29000091552734,82.4000015258789,83.16999816894531,28907,yahoo_chart
2026-06-16,83.55000305175781,83.80000305175781,78.44999694824219,78.95999908447266,30801,yahoo_chart
2026-06-17,79.19999694824219,82.9800033569336,77.7699966430664,79.55000305175781,25919,yahoo_chart
2026-06-18,78.3499984741211,80.04000091552734,76.58000183105469,79.8499984741211,31186,yahoo_chart
2026-06-22,82.20999908447266,82.37999725341797,77.2699966430664,77.9000015258789,46574,yahoo_chart
2026-06-23,78.05999755859375,78.33999633789062,76.44000244140625,77.08000183105469,22797,yahoo_chart
2026-06-24,77.0,77.0,73.08000183105469,73.73999786376953,32834,yahoo_chart
2026-06-25,73.0999984741211,75.83999633789062,72.08000183105469,75.26000213623047,27477,yahoo_chart
2026-06-26,74.94000244140625,75.12000274658203,71.4000015258789,71.98999786376953,19425,yahoo_chart
2026-06-29,73.16999816894531,73.4800033569336,71.87000274658203,73.1500015258789,8613,yahoo_chart
2026-06-30,72.69999694824219,73.52999877929688,72.12000274658203,72.91999816894531,39706,yahoo_chart
2026-07-01,73.37999725341797,73.5199966430664,71.04000091552734,71.56999969482422,37629,yahoo_chart
2026-07-02,71.08999633789062,71.91000366210938,70.13999938964844,71.80000305175781,0,yahoo_chart
2026-07-06,71.87000274658203,72.58999633789062,71.02999877929688,71.98999786376953,46238,yahoo_chart
2026-07-07,72.11000061035156,76.3499984741211,72.05999755859375,74.16000366210938,58154,yahoo_chart
2026-07-08,75.98999786376953,80.56999969482422,75.44999694824219,78.0199966430664,96042,yahoo_chart
2026-07-09,79.37999725341797,79.37999725341797,75.5999984741211,76.30000305175781,47817,yahoo_chart
2026-07-10,75.97000122070312,77.55999755859375,75.30999755859375,76.01000213623047,39537,yahoo_chart
2026-07-13,78.05000305175781,83.86000061035156,77.27999877929688,83.30000305175781,61577,yahoo_chart
2026-07-14,83.29000091552734,87.54000091552734,83.04000091552734,84.7300033569336,115669,yahoo_chart
2026-07-15,85.20999908447266,86.52999877929688,83.33999633789062,84.94999694824219,52882,yahoo_chart
2026-07-16,85.22000122070312,86.26000213623047,83.83000183105469,84.2300033569336,39917,yahoo_chart
2026-07-17,84.88999938964844,88.31999969482422,83.70999908447266,88.0999984741211,30997,yahoo_chart
2026-07-20,89.01000213623047,91.43000030517578,86.13999938964844,89.22000122070312,50407,yahoo_chart
2026-07-21,88.88999938964844,91.97000122070312,87.87999725341797,91.01000213623047,43104,yahoo_chart
2026-07-22,91.51000213623047,95.45999908447266,91.31999969482422,94.06999969482422,55526,yahoo_chart
2026-07-23,95.23999786376953,102.01000213623047,94.87999725341797,100.69000244140625,48567,yahoo_chart
2026-07-24,100.91000366210938,101.16000366210938,95.13999938964844,96.77999877929688,33923,yahoo_chart
2026-07-27,93.88999938964844,93.88999938964844,87.44999694824219,88.36000061035156,34887,yahoo_chart
2026-07-28,87.98999786376953,88.02999877929688,82.51000213623047,84.08999633789062,32213,yahoo_chart
2026-07-29,84.94999694824219,91.05000305175781,84.94999694824219,90.73999786376953,22489,yahoo_chart
2026-07-30,90.48999786376953,93.13999938964844,88.8499984741211,89.02999877929688,6854,yahoo_chart
2026-07-31,89.37999725341797,90.58000183105469,87.0,90.12000274658203,46811,yahoo_chart
2026-08-03,83.36000061035156,84.6500015258789,81.8499984741211,83.7699966430664,38780,yahoo_chart
2026-08-04,83.58000183105469,86.33000183105469,78.69000244140625,79.36000061035156,64851,yahoo_chart
2026-08-05,78.93000030517578,80.93000030517578,78.12999725341797,79.44999694824219,43282,yahoo_chart
2026-08-06,79.43000030517578,83.7699966430664,78.9800033569336,82.48999786376953,40651,yahoo_chart
2026-08-07,83.33000183105469,84.38999938964844,81.5,83.55000305175781,37626,yahoo_chart
2026-08-10,83.55999755859375,87.91999816894531,83.33999633789062,87.72000122070312,30023,yahoo_chart
2026-08-11,87.97000122070312,90.02999877929688,86.7300033569336,88.91000366210938,35498,yahoo_chart
2026-08-12,89.2699966430664,90.06999969482422,88.12000274658203,88.9800033569336,35263,yahoo_chart
2026-08-13,88.47000122070312,89.0199966430664,85.87000274658203,87.06999969482422,28399,yahoo_chart
2026-08-14,86.87999725341797,88.79000091552734,86.44000244140625,88.5199966430664,29003,yahoo_chart
2026-08-17,88.72000122070312,91.19000244140625,88.02999877929688,90.87000274658203,33602,yahoo_chart
2026-08-18,91.31999969482422,92.01000213623047,90.62000274658203,91.0199966430664,22270,yahoo_chart
2026-08-19,91.30999755859375,92.80000305175781,90.41999816894531,91.62000274658203,28039,yahoo_chart
2026-08-20,91.51000213623047,94.72000122070312,91.3499984741211,93.77999877929688,27355,yahoo_chart
2026-08-21,93.33000183105469,94.80999755859375,92.7699966430664,94.38999938964844,16522,yahoo_chart
2026-08-24,93.68000030517578,93.80000305175781,91.77999877929688,92.16999816894531,18474,yahoo_chart
2026-08-25,92.18000030517578,92.83999633789062,86.08999633789062,88.58000183105469,19467,yahoo_chart
2026-08-26,86.94999694824219,89.4800033569336,85.4800033569336,87.83999633789062,15243,yahoo_chart
2026-08-27,87.55999755859375,90.33999633789062,86.29000091552734,89.69999694824219,9814,yahoo_chart
2026-08-28,89.51000213623047,90.16000366210938,88.9000015258789,89.30999755859375,26729,yahoo_chart
2026-08-31,89.30999755859375,91.5,89.02999877929688,90.48999786376953,23556,yahoo_chart
2026-09-01,90.8499984741211,95.44999694824219,90.7300033569336,94.6500015258789,38404,yahoo_chart
2026-09-02,95.2300033569336,97.01000213623047,93.5199966430664,95.62999725341797,41717,yahoo_chart
2026-09-03,95.33000183105469,97.61000061035156,94.04000091552734,95.5199966430664,48231,yahoo_chart
2026-09-04,95.87999725341797,96.55999755859375,93.16999816894531,96.27999877929688,35106,yahoo_chart
2026-09-08,96.9000015258789,99.44999694824219,95.97000122070312,97.91999816894531,71135,yahoo_chart
2026-09-09,99.52999877929688,101.70999908447266,98.83000183105469,101.20999908447266,51567,yahoo_chart
2026-09-10,101.80000305175781,109.05000305175781,100.19000244140625,107.62999725341797,51567,yahoo_chart
2026-09-11,109.16000366210938,110.19000244140625,103.55999755859375,103.68000030517578,23411,yahoo_chart
